person_name,post_label,ConShare,LabShare,LibDemShare,GreenShare,ReformShare,PlaidShare,SNPShare,OthersShare
Abigail Mainon,Aberafan Maesteg,6%,45%,5%,5%,22%,14%,0%,3%
Gillian Tebberen,Aberdeen North,7%,26%,6%,4%,8%,0%,39%,11%
Douglas Gordon Ross,Aberdeenshire North and Moray East,39%,10%,3%,0%,12%,0%,36%,0%
John Wheeler,Aberdeen South,19%,24%,8%,3%,7%,0%,37%,3%
Alexandra Herdman,Airdrie and Shotts,6%,50%,3%,0%,9%,0%,32%,0%
Leo Docherty,Aldershot,31%,37%,10%,6%,15%,0%,0%,1%
Wendy Morton,Aldridge-Brownhills,39%,32%,5%,4%,19%,0%,0%,0%
Rachel Nunn,Alloa and Grangemouth,8%,37%,3%,4%,8%,0%,34%,5%
Oliver Carroll,Altrincham and Sale West,32%,43%,7%,8%,9%,0%,0%,1%
Jeremy Kent,Alyn and Deeside,16%,41%,7%,5%,21%,8%,0%,2%
Nigel Mills,Amber Valley,28%,35%,5%,5%,27%,0%,0%,0%
Stephen Charles  Kerr,Angus and Perthshire Glens,25%,17%,3%,0%,8%,0%,44%,3%
Richard John Brooks,Arbroath and Broughty Ferry,8%,27%,4%,0%,9%,0%,41%,12%
Amanda Jane Hargreaves Hampsey,"Argyll, Bute and South Lochaber",21%,21%,9%,0%,8%,0%,37%,4%
Andrew Griffith,Arundel and South Downs,41%,20%,15%,7%,17%,0%,0%,0%
Debbie Soloman,Ashfield,15%,29%,4%,4%,32%,0%,0%,16%
Damian Green,Ashford,30%,37%,8%,7%,18%,0%,0%,0%
Lizzie Hacking,Ashton-under-Lyne,9%,49%,5%,8%,24%,0%,0%,4%
Rob Butler,Aylesbury,29%,31%,21%,7%,11%,0%,0%,1%
Martin Dowey,"Ayr, Carrick and Cumnock",19%,29%,3%,2%,8%,0%,36%,2%
Victoria Prentis,Banbury,28%,41%,10%,5%,16%,0%,0%,1%
Robin Millar,Bangor Aberconwy,23%,36%,3%,5%,16%,17%,0%,0%
Julie Redmond,Barking,6%,54%,5%,10%,16%,0%,0%,9%
Tamas Kovacs,Barnsley North,7%,37%,7%,10%,34%,0%,0%,4%
Suzanne Pearson,Barnsley South,6%,53%,5%,6%,29%,0%,0%,0%
Simon Fell,Barrow and Furness,27%,52%,3%,4%,14%,0%,0%,0%
Richard John Holden,Basildon and Billericay,26%,28%,11%,5%,30%,0%,0%,1%
Maria Miller,Basingstoke,27%,43%,7%,8%,15%,0%,0%,0%
Brendan Clarke-Smith,Bassetlaw,27%,46%,5%,4%,18%,0%,0%,0%
James Wright,Bath,14%,12%,53%,9%,9%,0%,0%,4%
Lynn Munro,Bathgate and Linlithgow,7%,38%,5%,4%,9%,0%,31%,5%
Tom Pridham,Battersea,18%,54%,11%,8%,8%,0%,0%,1%
Joy Morrissey,Beaconsfield,38%,27%,11%,5%,19%,0%,0%,0%
Hannah Gray,Beckenham and Penge,18%,44%,14%,8%,15%,0%,0%,0%
Pinder Jit Chauhan,Bedford,18%,49%,9%,7%,17%,0%,0%,0%
Jonathan Iliff,Bermondsey and Old Southwark,6%,49%,27%,8%,8%,0%,0%,2%
John Lamont,"Berwickshire, Roxburgh and Selkirk",42%,11%,5%,3%,9%,0%,31%,1%
Oscar Reaney,Bethnal Green and Stepney,4%,50%,7%,19%,7%,0%,0%,14%
Graham Stuart,Beverley and Holderness,32%,33%,8%,4%,22%,0%,0%,1%
Kieran Mullan,Bexhill and Battle,31%,34%,9%,5%,16%,0%,0%,5%
Mark Brooks,Bexleyheath and Crayford,29%,36%,5%,5%,25%,0%,0%,0%
Rupert Harrison,Bicester and Woodstock,29%,16%,33%,4%,17%,0%,0%,0%
Sarah Payne,Birkenhead,9%,53%,8%,13%,16%,0%,0%,1%
Ashvir Sangha,Birmingham Edgbaston,16%,55%,6%,8%,15%,0%,0%,0%
Steve Knee,Birmingham Erdington,14%,52%,5%,5%,23%,0%,0%,1%
Henry Stephen Whitlock Morris,Birmingham Hall Green and Moseley,6%,45%,11%,13%,8%,0%,0%,17%
Caroline Clapper,Birmingham Hodge Hill and Solihull North,9%,50%,6%,11%,17%,0%,0%,8%
Shazna Muzammil,Birmingham Ladywood,6%,54%,5%,14%,6%,0%,0%,15%
Gary Sambrook,Birmingham Northfield,23%,49%,5%,8%,15%,0%,0%,1%
Garry Hickton,Birmingham Perry Barr,7%,55%,6%,11%,10%,0%,0%,10%
Simon Dennis Phipps,Birmingham Selly Oak,11%,51%,8%,13%,14%,0%,0%,2%
Yvonne Beverley Clements,Birmingham Yardley,9%,47%,14%,8%,18%,0%,0%,5%
Jane MacBean,Bishop Auckland,27%,48%,3%,4%,17%,0%,0%,0%
Jamie McGowan,Blackburn,12%,47%,4%,10%,14%,0%,0%,14%
Iftikhar Ahmed,Blackley and Middleton South,6%,57%,6%,8%,24%,0%,0%,0%
Paul Maynard,Blackpool North and Fleetwood,26%,36%,5%,5%,28%,0%,0%,0%
Zak Farhan Khan,Blackpool South,19%,47%,3%,6%,25%,0%,0%,1%
Hannah Jarvis,Blaenau Gwent and Rhymney,3%,51%,5%,7%,0%,16%,0%,19%
Angela Sterling,Blaydon and Consett,12%,53%,7%,7%,21%,0%,0%,0%
Maureen Levy,Blyth and Ashington,8%,64%,5%,5%,18%,0%,0%,0%
Alison Griffiths,Bognor Regis and Littlehampton,28%,31%,7%,5%,27%,0%,0%,1%
Mark Fletcher,Bolsover,21%,46%,4%,6%,24%,0%,0%,0%
Adele Kay Warren,Bolton North East,21%,49%,3%,6%,20%,0%,0%,1%
Mohammed Afzal,Bolton South and Walkden,9%,58%,6%,7%,20%,0%,0%,1%
Chris Green,Bolton West,29%,40%,7%,5%,19%,0%,0%,1%
Rowena Bass,Bootle,5%,67%,4%,12%,12%,0%,0%,1%
Matt Warman,Boston and Skegness,37%,26%,5%,2%,29%,0%,0%,0%
Tobias Ellwood,Bournemouth East,28%,43%,7%,6%,15%,0%,0%,1%
Conor Burns,Bournemouth West,28%,39%,8%,9%,17%,0%,0%,0%
James Sunderland,Bracknell,27%,37%,10%,7%,18%,0%,0%,1%
Aubrey Holt,Bradford East,6%,59%,7%,8%,16%,0%,0%,4%
Zaf Shah,Bradford South,14%,48%,5%,9%,23%,0%,0%,1%
Nigel David Moxon,Bradford West,9%,50%,4%,11%,8%,0%,0%,18%
James Cleverly,Braintree,34%,31%,7%,4%,22%,0%,0%,1%
Fay Jones,"Brecon, Radnor and Cwm Tawe",28%,18%,33%,3%,14%,4%,0%,1%
Jamila Robertson,Brent East,8%,68%,5%,10%,8%,0%,0%,0%
Laura Blumenthal,Brentford and Isleworth,16%,47%,10%,12%,11%,0%,0%,4%
Sushil Rapatwar,Brent West,21%,46%,13%,10%,9%,0%,0%,1%
Alex Burghart,Brentwood and Ongar,35%,24%,14%,4%,22%,0%,0%,0%
Anita Boateng,Bridgend,23%,37%,6%,6%,17%,9%,0%,3%
Ashley Fox,Bridgwater,30%,28%,14%,5%,23%,0%,0%,1%
Charlie Dewhirst,Bridlington and The Wolds,37%,29%,8%,5%,21%,0%,0%,1%
Martin Vickers,Brigg and Immingham,36%,33%,4%,5%,23%,0%,0%,0%
Khobi Anne Vallis,Brighton Kemptown and Peacehaven,19%,57%,10%,13%,0%,0%,0%,2%
Sarah Victoria Webster,Brighton Pavilion,6%,28%,4%,57%,4%,0%,0%,1%
Samuel Williams,Bristol Central,6%,37%,2%,50%,3%,0%,0%,3%
Dan Conaghan,Bristol East,6%,54%,6%,26%,0%,0%,0%,7%
Rose Hulse,Bristol North East,14%,54%,4%,11%,16%,0%,0%,0%
Laura Saunders,Bristol North West,18%,53%,6%,13%,10%,0%,0%,0%
Liz Brennan,Bristol South,11%,56%,5%,13%,14%,0%,0%,0%
Jerome Mayhew,Broadland and Fakenham,33%,41%,8%,4%,15%,0%,0%,0%
Peter Fortune,Bromley and Biggin Hill,33%,32%,15%,7%,13%,0%,0%,0%
Bradley Anthony Thomas,Bromsgrove,34%,30%,11%,4%,20%,0%,0%,1%
Lewis Christopher Cocking,Broxbourne,32%,33%,7%,5%,22%,0%,0%,1%
Darren Henry,Broxtowe,22%,44%,5%,5%,24%,0%,0%,0%
Iain Stewart,Buckingham and Bletchley,27%,36%,12%,5%,20%,0%,0%,0%
Antony Higginbotham,Burnley,20%,49%,5%,7%,19%,0%,0%,0%
Kate Kniveton,Burton and Uttoxeter,29%,37%,6%,5%,22%,0%,0%,1%
James Daly,Bury North,25%,56%,2%,4%,13%,0%,0%,0%
Arnie Saunders,Bury South,23%,45%,8%,6%,17%,0%,0%,0%
Will Tanner,Bury St Edmunds and Stowmarket,32%,32%,3%,12%,19%,0%,0%,1%
Simon Hart,Caerfyrddin,23%,26%,3%,4%,13%,32%,0%,0%
Brandon Gorman,Caerphilly,10%,37%,3%,6%,20%,19%,0%,5%
Fiona Fawcett,"Caithness, Sutherland and Easter Ross",9%,12%,29%,8%,8%,0%,29%,4%
Vanessa Jane Lee,Calder Valley,27%,47%,5%,5%,17%,0%,0%,0%
Connor Donnithorne,Camborne and Redruth,28%,45%,6%,5%,16%,0%,0%,0%
Shane Manning,Cambridge,5%,53%,25%,12%,0%,0%,0%,6%
Amanda Milling,Cannock Chase,26%,38%,3%,7%,25%,0%,0%,0%
Louise Harvey-Quirke,Canterbury,22%,44%,7%,11%,16%,0%,0%,0%
Beatrice Brandon,Cardiff East,8%,51%,14%,7%,11%,7%,0%,3%
Joel Williams,Cardiff North,18%,56%,5%,4%,12%,5%,0%,0%
Ellis Smith,Cardiff South and Penarth,12%,59%,5%,7%,11%,5%,0%,1%
James Robert Hamblin,Cardiff West,15%,46%,6%,9%,12%,10%,0%,1%
John Stevenson,Carlisle,29%,43%,4%,6%,17%,0%,0%,0%
Elliot Colburn,Carshalton and Wallington,18%,8%,57%,4%,11%,0%,0%,2%
Rebecca Harris,Castle Point,40%,26%,5%,3%,27%,0%,0%,0%
David Rocks,Central Ayrshire,12%,34%,3%,2%,8%,0%,33%,7%
Mel Stride,Central Devon,30%,33%,11%,6%,19%,0%,0%,1%
Patrick Spencer,Central Suffolk and North Ipswich,33%,33%,7%,6%,20%,0%,0%,0%
Aled Thomas,Ceredigion Preseli,14%,14%,13%,5%,14%,36%,0%,3%
Nathan Andrew Gamester,Chatham and Aylesford,32%,33%,5%,6%,23%,0%,0%,1%
Mary Robinson,Cheadle,24%,10%,52%,3%,11%,0%,0%,1%
Vicky Ford,Chelmsford,25%,13%,44%,3%,14%,0%,0%,1%
Greg Hands,Chelsea and Fulham,31%,45%,10%,5%,9%,0%,0%,0%
Alex Chalk,Cheltenham,29%,7%,58%,4%,0%,0%,0%,1%
Gareth David Williams,Chesham and Amersham,33%,12%,40%,5%,10%,0%,0%,1%
Ben Flook,Chesterfield,15%,50%,7%,8%,20%,0%,0%,0%
Simon Eardley,Chester North and Neston,19%,58%,4%,7%,13%,0%,0%,0%
Aphra Brandreth,Chester South and Eddisbury,38%,34%,10%,4%,14%,0%,0%,0%
Gillian Keegan,Chichester,27%,11%,39%,4%,20%,0%,0%,1%
Iain Duncan Smith,Chingford and Woodford Green,27%,35%,5%,5%,8%,0%,0%,19%
Nic Puntis,Chippenham,25%,8%,47%,3%,14%,0%,0%,1%
Theresa Villiers,Chipping Barnet,33%,46%,5%,6%,10%,0%,0%,0%
Christopher Chope,Christchurch,35%,14%,24%,4%,23%,0%,0%,1%
Tim Barnes,Cities of London and Westminster,28%,41%,14%,7%,8%,0%,0%,3%
Luke Allan Holmes,City of Durham,13%,53%,9%,10%,16%,0%,0%,0%
Giles Watling,Clacton,25%,18%,6%,5%,45%,0%,0%,1%
Asha Saroy,Clapham and Brixton Hill,6%,61%,13%,13%,6%,0%,0%,0%
James Davies,Clwyd East,29%,42%,4%,4%,12%,8%,0%,1%
Darren Millar,Clwyd North,24%,40%,5%,3%,19%,10%,0%,0%
Christina Sandhu,Coatbridge and Bellshill,4%,53%,3%,3%,8%,0%,29%,0%
James Cracknell,Colchester,26%,40%,10%,6%,16%,0%,0%,1%
Jason McCartney,Colne Valley,29%,50%,5%,4%,11%,0%,0%,1%
Fiona Bruce,Congleton,33%,39%,6%,4%,18%,0%,0%,1%
Tom Pursglove,Corby and East Northamptonshire,23%,40%,7%,4%,25%,0%,0%,0%
Sarah Lesadd,Coventry East,12%,52%,8%,6%,21%,0%,0%,1%
Tom Mercer,Coventry North West,18%,46%,5%,9%,23%,0%,0%,0%
Mattie Heaven,Coventry South,22%,51%,6%,8%,14%,0%,0%,0%
Johnny Gray,Cowdenbeath and Kirkcaldy,8%,43%,5%,8%,8%,0%,26%,2%
Ian Levy,Cramlington and Killingworth,15%,49%,8%,6%,20%,0%,0%,2%
Zack Ali,Crawley,27%,39%,7%,8%,18%,0%,0%,1%
Ben Fletcher,Crewe and Nantwich,24%,47%,4%,6%,18%,0%,0%,0%
Jason Cummings,Croydon East,21%,47%,9%,8%,16%,0%,0%,0%
Chris Philp,Croydon South,37%,39%,8%,5%,10%,0%,0%,1%
Simon Fox,Croydon West,7%,60%,9%,11%,12%,0%,0%,1%
Satbir Gill,Cumbernauld and Kirkintilloch,7%,39%,3%,4%,9%,0%,38%,0%
Sam Holland,Dagenham and Rainham,14%,44%,6%,6%,27%,0%,0%,3%
Peter Gibson,Darlington,27%,49%,4%,7%,13%,0%,0%,0%
Gareth Johnson,Dartford,28%,35%,6%,7%,24%,0%,0%,0%
Stuart Andrew,Daventry,35%,29%,7%,5%,23%,0%,0%,0%
Amanda Solloway,Derby North,24%,47%,4%,8%,17%,0%,0%,0%
Sarah Dines,Derbyshire Dales,35%,36%,7%,6%,15%,0%,0%,0%
Jamie Mulhall,Derby South,13%,46%,6%,8%,24%,0%,0%,3%
Lalit Suryawanshi,Dewsbury and Batley,9%,36%,8%,11%,21%,0%,0%,15%
David Mervyn Johnston,Didcot and Wantage,23%,16%,43%,4%,15%,0%,0%,0%
Nick Allen,Doncaster Central,12%,46%,5%,6%,27%,0%,0%,3%
Nicholas Fletcher,Doncaster East and the Isle of Axholme,23%,42%,3%,5%,26%,0%,0%,0%
Glenn Karl Bluff,Doncaster North,11%,65%,6%,5%,0%,0%,0%,13%
Marisa Heath,Dorking and Horley,25%,10%,46%,6%,13%,0%,0%,0%
Stephen James,Dover and Deal,24%,43%,5%,5%,22%,0%,0%,0%
Nigel Huddleston,Droitwich and Evesham,37%,30%,7%,5%,21%,0%,0%,0%
Marco Longhi,Dudley,30%,35%,5%,6%,23%,0%,0%,1%
Leon Cook,Dulwich and West Norwood,6%,62%,3%,23%,4%,0%,0%,1%
John Cooper,Dumfries and Galloway,32%,16%,4%,3%,12%,0%,32%,1%
David Mundell,"Dumfriesshire, Clydesdale and Tweeddale",37%,14%,4%,4%,10%,0%,30%,1%
Emma Farquhar,Dundee Central,6%,36%,5%,0%,7%,0%,40%,7%
Thomas Heald,Dunfermline and Dollar,6%,39%,6%,5%,9%,0%,31%,4%
Andrew Selous,Dunstable and Leighton Buzzard,30%,34%,11%,6%,19%,0%,0%,0%
Tomos Day,Dwyfor Meirionnydd,12%,15%,4%,4%,15%,47%,0%,3%
James Windsor-Clive,Ealing Central and Acton,11%,57%,15%,10%,8%,0%,0%,0%
Maria Khan,Ealing North,14%,54%,7%,12%,12%,0%,0%,1%
Georgie Callé,Ealing Southall,12%,48%,8%,16%,9%,0%,0%,7%
Pauline Alison Jorgensen,Earley and Woodley,34%,43%,16%,7%,0%,0%,0%,0%
Joanne Howey,Easington,6%,55%,5%,7%,24%,0%,0%,3%
Caroline Ansell,Eastbourne,18%,7%,54%,3%,17%,0%,0%,2%
Mims Davies,East Grinstead and Uckfield,34%,20%,29%,7%,0%,0%,0%,11%
Maria Higson,East Ham,9%,61%,4%,11%,9%,0%,0%,7%
Damian Hinds,East Hampshire,32%,11%,32%,5%,19%,0%,0%,0%
Ross Alexander Lambie,East Kilbride and Strathaven,9%,42%,4%,2%,9%,0%,34%,0%
Samuel Joynson,Eastleigh,29%,14%,34%,5%,16%,0%,0%,1%
Claire Scull,East Londonderry,,,,,,,,
Sandesh Gulhane,East Renfrewshire,11%,35%,4%,1%,7%,0%,37%,4%
Claire Coutinho,East Surrey,36%,18%,24%,4%,17%,0%,0%,0%
Helen Harrison,East Thanet,24%,43%,3%,8%,20%,0%,0%,1%
Danny Kruger,East Wiltshire,34%,31%,8%,6%,19%,0%,0%,1%
Leila Williams,East Worthing and Shoreham,25%,50%,4%,5%,15%,0%,0%,1%
Marie-Clair Munro,Edinburgh East and Musselburgh,5%,33%,5%,8%,6%,0%,37%,6%
Jo Mowat,Edinburgh North and Leith,7%,36%,8%,5%,5%,0%,36%,3%
Christopher Cowdy,Edinburgh South,5%,63%,5%,6%,6%,0%,15%,0%
Sue Webber,Edinburgh South West,6%,33%,5%,3%,6%,0%,39%,8%
Alastair Shields,Edinburgh West,4%,13%,25%,6%,10%,0%,34%,8%
Zoe Huggins,Edmonton and Winchmore Hill,14%,58%,6%,8%,13%,0%,0%,0%
Lee Evans,Ellesmere Port and Bromborough,7%,63%,7%,8%,15%,0%,0%,1%
Charlie Davis,Eltham and Chislehurst,23%,47%,5%,9%,15%,0%,0%,1%
Lucy Frazer,Ely and East Cambridgeshire,30%,18%,31%,3%,17%,0%,0%,1%
Chris Dey,Enfield North,17%,54%,5%,8%,15%,0%,0%,1%
Neil Hudson,Epping Forest,37%,34%,10%,7%,0%,0%,0%,11%
Mhairi Fraser,Epsom and Ewell,35%,20%,26%,5%,15%,0%,0%,0%
Maggie Throup,Erewash,26%,38%,4%,6%,25%,0%,0%,1%
Richard John Mark,Erith and Thamesmead,9%,61%,6%,8%,14%,0%,0%,1%
John Cope,Esher and Walton,23%,6%,59%,2%,10%,0%,0%,0%
Tessa Tucker,Exeter,9%,55%,6%,15%,15%,0%,0%,0%
David George Reed,Exmouth and Exeter East,30%,25%,14%,4%,20%,0%,0%,6%
James Bundy,Falkirk,6%,33%,4%,2%,10%,0%,38%,7%
Suella Braverman,Fareham and Waterlooville,33%,22%,21%,5%,19%,0%,0%,0%
Gregory Stafford,Farnham and Bordon,38%,12%,33%,3%,13%,0%,0%,0%
Helen Whately,Faversham and Mid Kent,31%,33%,7%,6%,22%,0%,0%,1%
Reva Anil Gudi,Feltham and Heston,16%,52%,7%,9%,16%,0%,0%,1%
Jack Lopresti,Filton and Bradley Stoke,27%,49%,4%,7%,14%,0%,0%,0%
Alex Deane,Finchley and Golders Green,36%,35%,13%,6%,9%,0%,0%,1%
Damian Collins,Folkestone and Hythe,23%,32%,8%,8%,28%,0%,0%,1%
Mark Harper,Forest of Dean,30%,36%,4%,10%,20%,0%,0%,0%
Lucy Clare Trimnell,Frome and East Somerset,24%,15%,38%,8%,15%,0%,0%,0%
Andrew Snowden,Fylde,36%,31%,6%,6%,20%,0%,0%,1%
Sir Edward Leigh,Gainsborough,40%,29%,7%,4%,20%,0%,0%,0%
Nick Oliver,Gateshead Central and Whickham,9%,37%,14%,11%,23%,0%,0%,6%
Tom Randall,Gedling,21%,54%,6%,5%,15%,0%,0%,0%
Rehman Chishti,Gillingham and Rainham,30%,38%,6%,5%,21%,0%,0%,0%
Thomas Kerr,Glasgow East,6%,44%,3%,5%,8%,0%,35%,1%
Naveed Asghar,Glasgow North,3%,41%,3%,11%,6%,0%,30%,5%
Robert Henry Connelly,Glasgow North East,6%,39%,3%,10%,7%,0%,34%,2%
Haroun Malik,Glasgow South,6%,43%,3%,6%,6%,0%,37%,1%
Mamun Rashid,Glasgow South West,6%,47%,3%,4%,6%,0%,33%,1%
Faten Hameed,Glasgow West,9%,43%,3%,5%,5%,0%,33%,1%
Faye Purbrick,Glastonbury and Somerton,26%,9%,39%,3%,23%,0%,0%,0%
Debbie MacCallum,Glenrothes and Mid Fife,9%,46%,4%,0%,8%,0%,33%,0%
Richard Graham,Gloucester,25%,39%,8%,6%,21%,0%,0%,1%
Jeremy Hunt,Godalming and Ash,29%,8%,46%,3%,13%,0%,0%,0%
David Davis,Goole and Pocklington,36%,32%,5%,5%,21%,0%,0%,1%
Harriet Cross,Gordon and Buchan,37%,12%,6%,0%,11%,0%,33%,0%
Ruth Welsh,Gorton and Denton,8%,53%,7%,12%,13%,0%,0%,7%
Caroline Dinenage,Gosport,36%,28%,11%,5%,19%,0%,0%,1%
Marc Jenkins,Gower,19%,38%,8%,5%,21%,7%,0%,1%
Gareth Davies,Grantham and Bourne,33%,27%,10%,6%,24%,0%,0%,0%
Adam Holloway,Gravesham,31%,37%,4%,7%,22%,0%,0%,0%
Lia Nici,Great Grimsby and Cleethorpes,22%,43%,5%,5%,25%,0%,0%,0%
James Clark,Great Yarmouth,24%,31%,5%,3%,36%,0%,0%,0%
Jonathan Goff,Greenwich and Woolwich,9%,61%,9%,12%,8%,0%,0%,1%
Angela Richardson,Guildford,22%,11%,50%,2%,12%,0%,0%,2%
David Landau,Hackney North and Stoke Newington,6%,66%,5%,18%,5%,0%,0%,1%
Joanna Kate Reeves,Hackney South and Shoreditch,3%,72%,5%,15%,4%,0%,0%,1%
James Morris,Halesowen,30%,42%,6%,5%,17%,0%,0%,0%
Hazel Sharp,Halifax,19%,44%,7%,10%,19%,0%,0%,1%
Paul Holmes,Hamble Valley,38%,17%,27%,4%,14%,0%,0%,1%
Richard Nelson,Hamilton and Clyde Valley,9%,49%,3%,0%,9%,0%,28%,1%
Andrew Dinsmore,Hammersmith and Chiswick,15%,56%,7%,12%,9%,0%,0%,1%
Don Williams,Hampstead and Highgate,11%,53%,16%,13%,6%,0%,0%,2%
Neil O'Brien,"Harborough, Oadby and Wigston",35%,35%,8%,7%,14%,0%,0%,1%
Hannah Ellis,Harlow,31%,38%,4%,4%,23%,0%,0%,1%
Nigel Robert Gardner,Harpenden and Berkhamsted,33%,13%,39%,3%,12%,0%,0%,0%
Andrew Jones,Harrogate and Knaresborough,27%,10%,45%,2%,15%,0%,0%,1%
Bob Blackman,Harrow East,40%,41%,5%,5%,9%,0%,0%,1%
Abbas Merali,Harrow West,19%,51%,10%,9%,10%,0%,0%,1%
Jill Mortimer,Hartlepool,7%,46%,5%,6%,27%,0%,0%,8%
Bernard Jenkin,Harwich and North Essex,34%,35%,6%,7%,17%,0%,0%,0%
Sally-Ann Hart,Hastings and Rye,26%,41%,4%,12%,17%,0%,0%,0%
Alan Mak,Havant,29%,27%,9%,6%,29%,0%,0%,0%
Dylan Thomas,Hayes and Harlington,17%,52%,6%,9%,15%,0%,0%,2%
Paul Athans,Hazel Grove,22%,14%,50%,3%,12%,0%,0%,0%
Andrew Williams,Hemel Hempstead,28%,40%,10%,5%,17%,0%,0%,0%
Ameet Jogia,Hendon,27%,45%,6%,7%,11%,0%,0%,5%
Caroline Newton,Henley and Thame,32%,8%,47%,3%,9%,0%,0%,1%
Jesse Norman,Hereford and South Herefordshire,33%,30%,11%,7%,19%,0%,0%,1%
Roger Gale,Herne Bay and Sandwich,38%,30%,7%,8%,17%,0%,0%,0%
Julie Marson,Hertford and Stortford,30%,39%,6%,7%,18%,0%,0%,0%
Oliver Dowden,Hertsmere,43%,33%,6%,5%,13%,0%,0%,0%
Guy Opperman,Hexham,34%,49%,6%,6%,0%,0%,0%,5%
Laura-Beth Thompson,Heywood and Middleton North,11%,46%,6%,0%,29%,0%,0%,8%
Robert Largan,High Peak,23%,55%,4%,6%,13%,0%,0%,0%
Luke Evans,Hinckley and Bosworth,37%,17%,26%,4%,15%,0%,0%,0%
Bim Afolami,Hitchin,24%,37%,17%,5%,17%,0%,0%,0%
Mehreen Malik,Holborn and St Pancras,8%,59%,6%,7%,5%,0%,0%,15%
Simon Jupp,Honiton and Sidmouth,30%,13%,38%,3%,15%,0%,0%,0%
Julia Lopez,Hornchurch and Upminster,35%,35%,5%,5%,20%,0%,0%,1%
Naz Panju,Hornsey and Friern Barnet,3%,58%,15%,19%,3%,0%,0%,2%
Jeremy Quin,Horsham,35%,14%,32%,5%,14%,0%,0%,0%
Chris Burnicle,Houghton and Sunderland South,8%,55%,6%,6%,24%,0%,0%,0%
Carline Deal,Hove and Portslade,11%,67%,5%,8%,8%,0%,0%,2%
Tony McGrath,Huddersfield,15%,55%,5%,11%,14%,0%,0%,0%
Ben Obese-Jecty,Huntingdon,32%,36%,7%,5%,18%,0%,0%,1%
Sara Britcliffe,Hyndburn,25%,53%,3%,6%,13%,0%,0%,0%
Kaz Rizvi,Ilford North,20%,56%,5%,7%,11%,0%,0%,1%
Sayeed Syduzzaman,Ilford South,9%,49%,7%,12%,12%,0%,0%,10%
Ted Runciman,Inverclyde and Renfrewshire West,6%,40%,4%,2%,9%,0%,37%,1%
Ruraidh Stewart,"Inverness, Skye and West Ross-shire",5%,24%,11%,3%,8%,0%,39%,10%
Tom Hunt,Ipswich,24%,48%,5%,6%,17%,0%,0%,0%
Joe Robertson,Isle of Wight East,26%,28%,8%,14%,23%,0%,0%,1%
Bob Seely,Isle of Wight West,27%,37%,5%,14%,16%,0%,0%,1%
Karen Anne Harries,Islington North,4%,41%,7%,8%,3%,0%,0%,36%
Imogen Alice Sinclair,Islington South and Finsbury,4%,59%,11%,17%,6%,0%,0%,3%
Jack Alexander Gebhard,Jarrow and Gateshead East,6%,51%,7%,9%,23%,0%,0%,5%
Robbie Moore,Keighley and Ilkley,33%,43%,4%,7%,14%,0%,0%,1%
Jeremy Wright,Kenilworth and Southam,39%,30%,9%,7%,14%,0%,0%,0%
Felicity Buchan,Kensington and Bayswater,23%,45%,12%,8%,9%,0%,0%,2%
Philip Hollobone,Kettering,34%,38%,5%,8%,16%,0%,0%,0%
Jordan David Cowie,Kilmarnock and Loudoun,10%,36%,4%,2%,10%,0%,38%,1%
Helen Edward,Kingston and Surbiton,10%,8%,57%,6%,11%,0%,0%,7%
Kieran Persand,Kingston upon Hull East,7%,50%,10%,6%,27%,0%,0%,0%
Callum Terence Procter,Kingston upon Hull North and Cottingham,9%,50%,12%,7%,20%,0%,0%,2%
Rachel Storer,Kingston upon Hull West and Haltemprice,18%,50%,8%,5%,20%,0%,0%,0%
Mike Wood,Kingswinford and South Staffordshire,38%,28%,3%,5%,25%,0%,0%,0%
Sherrie McDaid,Knowsley,3%,70%,3%,12%,11%,0%,0%,0%
Peter Gordon Cartridge,Lancaster and Wyre,22%,51%,3%,8%,17%,0%,0%,0%
Jennifer Jane Jackson,Leeds Central and Headingley,6%,65%,7%,12%,9%,0%,0%,0%
Sam Firth,Leeds East,13%,49%,4%,6%,23%,0%,0%,5%
Chris Whiteside,Leeds North East,11%,61%,7%,11%,9%,0%,0%,1%
Thomas Averre,Leeds North West,23%,48%,10%,7%,11%,0%,0%,1%
Karen Cooksley,Leeds South,8%,65%,7%,11%,0%,0%,0%,9%
Andrea Jenkyns,Leeds South West and Morley,25%,47%,3%,6%,19%,0%,0%,0%
Lee Anthony Farmer,Leeds West and Pudsey,15%,52%,4%,7%,22%,0%,0%,1%
Shivani Raja,Leicester East,23%,37%,9%,8%,11%,0%,0%,12%
Gerri Hickton,Leicester South,6%,59%,4%,11%,7%,0%,0%,14%
Max Chauhan,Leicester West,14%,45%,8%,14%,18%,0%,0%,2%
Michael William Winstanley,Leigh and Atherton,16%,55%,4%,4%,21%,0%,0%,0%
Maria Caulfield,Lewes,22%,8%,51%,4%,15%,0%,0%,0%
Louise Brice,Lewisham East,7%,62%,8%,14%,9%,0%,0%,0%
Nupur Majumdar,Lewisham North,5%,66%,4%,20%,5%,0%,0%,1%
Christine Wallace,Lewisham West and East Dulwich,8%,62%,4%,13%,5%,0%,0%,8%
Gloria Croxall,Leyton and Wanstead,6%,67%,7%,12%,7%,0%,0%,1%
Michael Fabricant,Lichfield,36%,36%,5%,4%,18%,0%,0%,1%
Karl McCartney,Lincoln,22%,50%,5%,6%,16%,0%,0%,1%
Danny Bowman,Liverpool Garston,7%,59%,6%,10%,9%,0%,0%,8%
Jane Kathryn Austin,Liverpool Riverside,5%,62%,3%,17%,7%,0%,0%,7%
Emma Ware,Liverpool Walton,4%,74%,4%,9%,9%,0%,0%,1%
Elizabeth Charlotte Eagar,Liverpool Wavertree,4%,66%,7%,16%,7%,0%,0%,0%
Charlotte Jane Duthie,Liverpool West Derby,5%,75%,4%,7%,8%,0%,0%,1%
Damian Timson,Livingston,5%,40%,4%,3%,9%,0%,32%,8%
Charlie Evans,Llanelli,10%,30%,4%,6%,22%,23%,0%,5%
Scott Hamilton,Lothian East,5%,48%,4%,4%,8%,0%,26%,4%
Jane Hunt,Loughborough,26%,48%,5%,8%,13%,0%,0%,0%
Victoria Atkins,Louth and Horncastle,33%,24%,4%,3%,35%,0%,0%,1%
Peter Aldous,Lowestoft,27%,39%,4%,7%,23%,0%,0%,0%
Jilleane Brown,Luton North,13%,45%,8%,8%,21%,0%,0%,5%
Mark Anthony Gaius Versallion,Luton South and South Bedfordshire,16%,52%,6%,7%,16%,0%,0%,4%
David Rutley,Macclesfield,28%,46%,6%,6%,13%,0%,0%,1%
Tania Mathias,Maidenhead,32%,15%,40%,6%,0%,0%,0%,7%
Helen Grant,Maidstone and Malling,32%,19%,20%,7%,20%,0%,0%,1%
Simon Finkelstein,Makerfield,8%,53%,6%,5%,26%,0%,0%,2%
John Whittingdale,Maldon,37%,23%,8%,4%,28%,0%,0%,0%
Scott Smith,Manchester Central,4%,60%,6%,11%,12%,0%,0%,6%
Alexandra Marsanu,Manchester Rusholme,7%,54%,0%,26%,7%,0%,0%,7%
Sarah Louise Garcia de Bustos,Manchester Withington,4%,68%,9%,12%,5%,0%,0%,1%
Ben Bradley,Mansfield,32%,42%,3%,3%,19%,0%,0%,1%
Michelle Donelan,Melksham and Devizes,35%,12%,34%,5%,14%,0%,0%,0%
Edward Argar,Melton and Syston,31%,33%,6%,6%,22%,0%,0%,0%
Saqib Bhatti,Meriden and Solihull East,36%,32%,9%,5%,19%,0%,0%,0%
Amanda Jenner,Merthyr Tydfil and Aberdare,4%,37%,5%,6%,20%,17%,0%,10%
Stephen Crabb,Mid and South Pembrokeshire,29%,33%,6%,4%,19%,8%,0%,1%
Blake Stephenson,Mid Bedfordshire,32%,33%,7%,7%,19%,0%,0%,1%
Greg Smith,Mid Buckinghamshire,39%,17%,23%,5%,16%,0%,0%,0%
Charles Fifield,Mid Cheshire,21%,50%,4%,7%,17%,0%,0%,1%
Luke Gardiner,Mid Derbyshire,33%,43%,6%,5%,13%,0%,0%,1%
Kiran Fothergill,Middlesbrough and Thornaby East,4%,48%,8%,9%,25%,0%,0%,7%
Simon Clarke,Middlesbrough South and East Cleveland,37%,53%,5%,6%,0%,0%,0%,0%
Michael Tomlinson,Mid Dorset and North Poole,39%,12%,45%,4%,0%,0%,0%,0%
Alix Mathieson,Mid Dunbartonshire,9%,21%,29%,5%,7%,0%,28%,1%
Peter Bedford,Mid Leicestershire,34%,40%,4%,5%,17%,0%,0%,0%
Keith Cockburn,Midlothian,8%,52%,4%,0%,8%,0%,26%,0%
George Freeman,Mid Norfolk,37%,31%,7%,4%,22%,0%,0%,0%
Kristy Lyn Adams,Mid Sussex,28%,17%,36%,5%,15%,0%,0%,0%
Johnny Luk,Milton Keynes Central,24%,50%,8%,6%,12%,0%,0%,0%
Ben Everitt,Milton Keynes North,26%,39%,7%,8%,20%,0%,0%,0%
Ellie Cox,Mitcham and Morden,9%,61%,6%,10%,13%,0%,0%,2%
David Davies,Monmouthshire,32%,39%,6%,4%,13%,5%,0%,1%
Craig Williams,Montgomeryshire and Glyndŵr,28%,25%,15%,4%,21%,8%,0%,0%
Kathleen Robertson,"Moray West, Nairn and Strathspey",27%,20%,4%,2%,7%,0%,39%,1%
David Morris,Morecambe and Lunesdale,31%,41%,8%,5%,15%,0%,0%,0%
Oyebola Ajala,"Motherwell, Wishaw and Carluke",9%,43%,3%,2%,8%,0%,35%,0%
Kenny Barker,Na h-Eileanan an Iar,3%,42%,4%,0%,8%,0%,32%,10%
Samantha Nida Chohan,Neath and Swansea East,8%,48%,6%,5%,20%,13%,0%,0%
Robert Jenrick,Newark,33%,35%,6%,4%,21%,0%,0%,0%
Laura Farris,Newbury,32%,10%,37%,6%,14%,0%,0%,1%
Simon John Tagg,Newcastle-under-Lyme,25%,41%,6%,7%,21%,0%,0%,0%
Frances Lasok,Newcastle upon Tyne Central and West,6%,58%,6%,9%,18%,0%,0%,3%
Rosie Hanlon,Newcastle upon Tyne East and Wallsend,4%,53%,9%,12%,17%,0%,0%,6%
Guy Renner-Thompson,Newcastle upon Tyne North,12%,60%,10%,7%,11%,0%,0%,0%
Julian Lewis,New Forest East,34%,22%,15%,5%,23%,0%,0%,0%
Desmond Swayne,New Forest West,41%,20%,16%,7%,15%,0%,0%,1%
Rachel Egerton Buckler,Newport East,13%,37%,7%,10%,19%,9%,0%,4%
Nick Jones,Newport West and Islwyn,14%,39%,7%,5%,23%,9%,0%,4%
Samantha Rayner,Newry and Armagh,,,,,,,,
Anne Marie Morris,Newton Abbot,29%,16%,25%,6%,23%,0%,0%,1%
Paul Howell,Newton Aycliffe and Spennymoor,20%,50%,4%,5%,21%,0%,0%,1%
Alice Hopkin,Normanton and Hemsworth,8%,52%,8%,5%,26%,0%,0%,0%
Dan Bennett,Northampton North,22%,50%,4%,6%,17%,0%,0%,0%
Andrew Iain Lewer,Northampton South,30%,42%,5%,6%,17%,0%,0%,0%
Todd Ferguson,North Ayrshire and Arran,8%,29%,3%,4%,8%,0%,40%,7%
Richard Fuller,North Bedfordshire,37%,28%,13%,4%,18%,0%,0%,0%
Scott Mann,North Cornwall,29%,9%,45%,2%,14%,0%,0%,1%
Geoffrey Clifton-Brown,North Cotswolds,38%,16%,24%,8%,13%,0%,0%,1%
Selaine Saxby,North Devon,29%,9%,42%,4%,15%,0%,0%,1%
Simon Hoare,North Dorset,35%,13%,27%,6%,19%,0%,0%,0%
George William Carter,North Durham,10%,51%,8%,5%,24%,0%,0%,2%
Steve Barclay,North East Cambridgeshire,35%,27%,9%,4%,24%,0%,0%,1%
Lee Rowley,North East Derbyshire,33%,38%,6%,5%,18%,0%,0%,1%
Bill Bowman,North East Fife,6%,10%,44%,4%,7%,0%,29%,0%
Ranil Malcolm Jayawardena,North East Hampshire,36%,11%,33%,4%,16%,0%,0%,1%
Nikki Da Costa,North East Hertfordshire,31%,41%,8%,6%,15%,0%,0%,0%
Jacob Rees-Mogg,North East Somerset and Hanham,35%,41%,8%,4%,11%,0%,0%,1%
Bill Wiggin,North Herefordshire,34%,16%,11%,20%,19%,0%,0%,0%
Duncan Baker,North Norfolk,32%,8%,44%,2%,15%,0%,0%,0%
Anne-Marie Trevelyan,North Northumberland,32%,38%,9%,5%,15%,0%,0%,0%
Simon Baynes,North Shropshire,20%,13%,48%,3%,15%,0%,0%,1%
Liam Fox,North Somerset,30%,40%,9%,5%,16%,0%,0%,0%
Craig Tracey,North Warwickshire and Bedworth,29%,40%,3%,4%,24%,0%,0%,0%
Shailesh Vara,North West Cambridgeshire,31%,34%,8%,6%,20%,0%,0%,0%
Kemi Badenoch,North West Essex,40%,24%,16%,6%,13%,0%,0%,1%
Kit Malthouse,North West Hampshire,34%,22%,20%,6%,18%,0%,0%,0%
Craig Smith,North West Leicestershire,34%,34%,5%,8%,18%,0%,0%,1%
James Wild,North West Norfolk,33%,28%,12%,5%,23%,0%,0%,0%
Charlotte Domonique Salomon,Norwich North,24%,51%,4%,5%,15%,0%,0%,0%
David Thomas,Norwich South,10%,55%,7%,13%,14%,0%,0%,1%
Johno Lee,Nottingham East,6%,64%,6%,12%,11%,0%,0%,1%
Caroline Henry,Nottingham North and Kimberley,17%,51%,6%,8%,19%,0%,0%,0%
Zarmeena Abdul Quraishi,Nottingham South,9%,51%,7%,12%,17%,0%,0%,4%
Marcus Jones,Nuneaton,30%,43%,4%,7%,17%,0%,0%,0%
Louie French,Old Bexley and Sidcup,33%,35%,5%,6%,21%,0%,0%,0%
Tom Fish,Oldham East and Saddleworth,15%,43%,6%,6%,22%,0%,0%,7%
Horatio Lovering,"Oldham West, Chadderton and Royton",8%,49%,4%,6%,18%,0%,0%,15%
Shane Painter,Orkney and Shetland,5%,8%,38%,16%,11%,0%,23%,0%
Gareth Bacon,Orpington,37%,27%,14%,4%,17%,0%,0%,0%
Mark Eastwood,Ossett and Denby Dale,28%,43%,4%,5%,19%,0%,0%,1%
Louise Brown,Oxford East,7%,57%,13%,11%,0%,0%,0%,12%
Vinay Raniga,Oxford West and Abingdon,12%,9%,61%,4%,10%,0%,0%,5%
David McGonigle,Paisley and Renfrewshire North,8%,43%,4%,3%,8%,0%,34%,0%
Alec Leishman,Paisley and Renfrewshire South,7%,44%,4%,1%,8%,0%,34%,1%
Ben Mascall,Peckham,3%,64%,8%,17%,7%,0%,0%,1%
Andrew Stephenson,Pendle and Clitheroe,30%,41%,8%,5%,17%,0%,0%,0%
Miriam Cates,Penistone and Stocksbridge,25%,41%,9%,4%,21%,0%,0%,0%
Mark Jenkinson,Penrith and Solway,32%,36%,8%,7%,16%,0%,0%,1%
Luke Graham,Perth and Kinross-shire,26%,20%,5%,0%,7%,0%,41%,1%
Paul Bristow,Peterborough,24%,44%,7%,8%,16%,0%,0%,0%
Johnny Mercer,Plymouth Moor View,32%,41%,5%,5%,17%,0%,0%,0%
Gareth Streeter,Plymouth Sutton and Devonport,12%,59%,5%,8%,16%,0%,0%,0%
Laura Weldon,"Pontefract, Castleford and Knottingley",8%,48%,8%,4%,32%,0%,0%,0%
Jack Robson,Pontypridd,9%,41%,6%,5%,19%,15%,0%,5%
Robert Syms,Poole,32%,29%,12%,6%,21%,0%,0%,1%
Freddie Downing,Poplar and Limehouse,6%,61%,10%,12%,6%,0%,0%,5%
Penny Mordaunt,Portsmouth North,34%,37%,8%,5%,17%,0%,0%,0%
Signe Andrea Biddle,Portsmouth South,13%,57%,8%,5%,16%,0%,0%,1%
Trevor Michael Hart,Preston,8%,52%,8%,7%,17%,0%,0%,8%
Lee Jamie Roberts,Putney,18%,53%,12%,7%,10%,0%,0%,0%
Samia Hersi,Queen's Park and Maida Vale,6%,58%,13%,11%,9%,0%,0%,3%
Oliver Harvey,Rawmarsh and Conisbrough,9%,53%,4%,5%,27%,0%,0%,1%
Mark Francois,Rayleigh and Wickford,40%,26%,8%,5%,21%,0%,0%,0%
Raj Singh,Reading Central,18%,49%,7%,13%,11%,0%,0%,0%
Ross Mackinnon,Reading West and Mid Berkshire,31%,38%,7%,6%,17%,0%,0%,1%
Jacob Young,Redcar,25%,39%,6%,6%,23%,0%,0%,1%
Rachel Maclean,Redditch,30%,41%,4%,4%,20%,0%,0%,0%
Rebecca Paul,Reigate,38%,24%,13%,9%,16%,0%,0%,0%
Adam Robinson,Rhondda and Ogmore,6%,51%,4%,5%,17%,16%,0%,0%
Nigel Evans,Ribble Valley,33%,39%,6%,5%,16%,0%,0%,1%
Rishi Sunak,Richmond and Northallerton,41%,26%,10%,5%,17%,0%,0%,1%
Sara Gezdari,Richmond Park,17%,6%,64%,4%,7%,0%,0%,3%
Paul Ellison,Rochdale,15%,49%,8%,7%,14%,0%,0%,7%
Kelly Tolhurst,Rochester and Strood,28%,36%,9%,5%,21%,0%,0%,1%
Andrew Rosindell,Romford,35%,33%,5%,5%,20%,0%,0%,1%
Caroline Nokes,Romsey and Southampton North,36%,12%,38%,3%,11%,0%,0%,1%
Jake Berry,Rossendale and Darwen,26%,42%,4%,6%,22%,0%,0%,0%
Alexander Stafford,Rother Valley,26%,45%,4%,6%,20%,0%,0%,0%
Yousef Dahmash,Rugby,35%,35%,8%,6%,15%,0%,0%,1%
David Simmonds,"Ruislip, Northwood and Pinner",35%,34%,11%,5%,15%,0%,0%,0%
Jade Marsden,Runcorn and Helsby,12%,55%,5%,7%,20%,0%,0%,1%
Ben Spencer,Runnymede and Weybridge,33%,17%,29%,7%,14%,0%,0%,0%
Ruth Edwards,Rushcliffe,27%,45%,9%,5%,13%,0%,0%,0%
Gary Burns,Rutherglen,6%,45%,5%,0%,10%,0%,34%,1%
Alicia Kearns,Rutland and Stamford,40%,19%,18%,4%,18%,0%,0%,1%
Hilary Jane Scott,Salford,3%,61%,7%,11%,16%,0%,0%,2%
John Glen,Salisbury,32%,20%,22%,6%,19%,0%,0%,1%
Roberto Weeden-Sanz,Scarborough and Whitby,29%,43%,4%,4%,20%,0%,0%,1%
Holly Mumby-Croft,Scunthorpe,25%,45%,3%,4%,23%,0%,0%,1%
Marcus Bleasdale,Sefton Central,15%,61%,5%,6%,13%,0%,0%,0%
Charles Richardson,Selby,27%,49%,3%,3%,18%,0%,0%,0%
Laura Trott,Sevenoaks,37%,14%,25%,6%,17%,0%,0%,1%
Aaron Jacob,Sheffield Brightside and Hillsborough,11%,64%,9%,14%,0%,0%,0%,2%
Lucy Stephenson,Sheffield Central,7%,58%,7%,20%,0%,0%,0%,8%
Isaac Howarth,Sheffield Hallam,11%,43%,37%,6%,0%,0%,0%,3%
Lorna Dorothy Maginnis,Sheffield Heeley,10%,63%,8%,11%,0%,0%,0%,9%
Caroline Kampila,Sheffield South East,17%,56%,12%,5%,0%,0%,0%,11%
Mark Spencer,Sherwood Forest,26%,37%,5%,5%,27%,0%,0%,0%
Philip Davies,Shipley,30%,47%,5%,5%,12%,0%,0%,1%
Daniel Kawczynski,Shrewsbury,24%,47%,9%,5%,14%,0%,0%,0%
Aisha Cuthbert,Sittingbourne and Sheppey,32%,35%,5%,4%,23%,0%,0%,1%
Julian Smith,Skipton and Ripon,35%,31%,11%,5%,18%,0%,0%,1%
Caroline Johnson,Sleaford and North Hykeham,37%,31%,7%,5%,20%,0%,0%,1%
Moni Kaur Nanda,Slough,13%,53%,9%,10%,11%,0%,0%,4%
Kate Fairhurst,Smethwick,10%,44%,7%,12%,17%,0%,0%,10%
Neil Shastri-Hurst,Solihull West and Shirley,35%,29%,19%,4%,13%,0%,0%,0%
Sidney Yankson,Southampton Itchen,22%,49%,4%,6%,18%,0%,0%,1%
Ben Burcombe-Filer,Southampton Test,13%,54%,7%,9%,16%,0%,0%,2%
Stephen Metcalfe,South Basildon and East Thurrock,30%,32%,4%,4%,28%,0%,0%,1%
Chris Carter-Chapman,South Cambridgeshire,24%,12%,46%,5%,12%,0%,0%,1%
James Gray,South Cotswolds,27%,9%,43%,4%,16%,0%,0%,0%
Heather Wheeler,South Derbyshire,29%,34%,5%,7%,25%,0%,0%,0%
Anthony Mangnall,South Devon,32%,13%,35%,3%,16%,0%,0%,1%
Richard Drax,South Dorset,31%,28%,12%,8%,20%,0%,0%,1%
Hannah Westropp,South Down,,,,,,,,
Sheryll Murray,South East Cornwall,34%,28%,13%,5%,20%,0%,0%,0%
Gavin Haran,Southend East and Rochford,32%,41%,5%,4%,18%,0%,0%,0%
Anna Firth,Southend West and Leigh,28%,36%,6%,3%,24%,0%,0%,3%
Eric Sukumaran,Southgate and Wood Green,13%,56%,8%,11%,11%,0%,0%,1%
John Hayes,South Holland and The Deepings,32%,29%,5%,3%,31%,0%,0%,0%
Alberto Costa,South Leicestershire,40%,28%,11%,5%,17%,0%,0%,0%
Poppy Simister-Thomas,South Norfolk,31%,37%,8%,6%,16%,0%,0%,1%
Sarah Bool,South Northamptonshire,33%,31%,9%,6%,21%,0%,0%,1%
Damien Moore,Southport,29%,41%,7%,6%,17%,0%,0%,0%
Katherine Fletcher,South Ribble,26%,46%,4%,6%,18%,0%,0%,0%
Craig Robinson,South Shields,5%,53%,5%,9%,20%,0%,0%,8%
Stuart Anderson,South Shropshire,31%,17%,30%,4%,18%,0%,0%,0%
James Cartlidge,South Suffolk,36%,27%,8%,8%,21%,0%,0%,0%
Rebecca Smith,South West Devon,37%,28%,11%,7%,16%,0%,0%,1%
Gagan Mohindra,South West Hertfordshire,34%,28%,16%,5%,17%,0%,0%,1%
Liz Truss,South West Norfolk,33%,29%,6%,5%,25%,0%,0%,1%
Andrew Murrison,South West Wiltshire,30%,30%,11%,9%,20%,0%,0%,0%
Lincoln Jopp,Spelthorne,29%,30%,15%,6%,20%,0%,0%,0%
Laura Evans,Spen Valley,22%,44%,7%,4%,22%,0%,0%,1%
Theo Clarke,Stafford,30%,37%,4%,7%,21%,0%,0%,0%
Karen Bradley,Staffordshire Moorlands,29%,38%,4%,4%,25%,0%,0%,0%
James Spencer,St Albans,14%,7%,62%,4%,9%,0%,0%,3%
Phil Chadwick,Stalybridge and Hyde,13%,58%,5%,5%,18%,0%,0%,1%
Steve Double,St Austell and Newquay,27%,34%,7%,5%,26%,0%,0%,1%
Alex Clarkson,Stevenage,27%,43%,5%,7%,18%,0%,0%,1%
Jayne Louise Rear,St Helens North,6%,56%,7%,9%,21%,0%,0%,2%
Emma Victoria Ellison,St Helens South and Whiston,3%,54%,7%,11%,18%,0%,0%,6%
Neil Benny,Stirling and Strathallan,16%,27%,4%,3%,7%,0%,43%,0%
Derek Thomas,St Ives,22%,9%,53%,3%,12%,0%,0%,1%
Anthony Browne,St Neots and Mid Cambridgeshire,30%,17%,33%,5%,14%,0%,0%,2%
Oliver Johnstone,Stockport,10%,59%,6%,11%,13%,0%,0%,0%
Niall Innes,Stockton North,13%,52%,7%,5%,23%,0%,0%,0%
Matt Vickers,Stockton West,33%,39%,4%,4%,20%,0%,0%,0%
Chandra Kanneganti,Stoke-on-Trent Central,17%,41%,4%,7%,26%,0%,0%,3%
Jonathan Gullis,Stoke-on-Trent North,23%,44%,4%,4%,24%,0%,0%,1%
Jack Brereton,Stoke-on-Trent South,33%,44%,3%,4%,16%,0%,0%,0%
Gavin Williamson,"Stone, Great Wyrley and Penkridge",38%,41%,8%,5%,0%,0%,0%,7%
Suzanne Webb,Stourbridge,32%,41%,5%,4%,17%,0%,0%,1%
Barry Hetherington,Strangford,,,,,,,,
Kane Blackwell,Stratford and Bow,4%,64%,7%,15%,7%,0%,0%,3%
Chris Clarkson,Stratford-on-Avon,33%,11%,36%,4%,15%,0%,0%,0%
Anthony Boutall,Streatham and Croydon North,7%,58%,13%,14%,6%,0%,0%,2%
Mark Cornes,Stretford and Urmston,8%,59%,6%,8%,14%,0%,0%,5%
Siobhan Baillie,Stroud,24%,51%,4%,9%,12%,0%,0%,0%
Thérèse Coffey,Suffolk Coastal,32%,31%,9%,7%,20%,0%,0%,0%
Gregory Peacock,Sunderland Central,14%,43%,13%,10%,19%,0%,0%,0%
Ed McGuinness,Surrey Heath,30%,8%,42%,4%,15%,0%,0%,1%
Nus Ghani,Sussex Weald,36%,17%,25%,4%,17%,0%,0%,0%
Tom Drummond,Sutton and Cheam,30%,14%,39%,4%,12%,0%,0%,1%
Andrew Mitchell,Sutton Coldfield,40%,35%,5%,6%,14%,0%,0%,0%
Tara-Jane Sutcliffe,Swansea West,9%,43%,8%,5%,17%,10%,0%,7%
Justin Tomlinson,Swindon North,30%,44%,5%,5%,17%,0%,0%,0%
Robert Buckland,Swindon South,28%,52%,4%,4%,11%,0%,0%,0%
Eddie Hughes,Tamworth,32%,32%,5%,4%,26%,0%,0%,1%
Esther McVey,Tatton,36%,35%,12%,5%,11%,0%,0%,0%
Rebecca Pow,Taunton and Wellington,23%,8%,48%,3%,17%,0%,0%,1%
Hannah Campbell,Telford,26%,44%,5%,4%,22%,0%,0%,0%
Laurence Robertson,Tewkesbury,32%,15%,30%,6%,17%,0%,0%,1%
Mark Pritchard,The Wrekin,34%,32%,9%,5%,20%,0%,0%,0%
Kevin Hollinrake,Thirsk and Malton,37%,31%,8%,6%,18%,0%,0%,1%
Luke Hall,Thornbury and Yate,31%,12%,39%,3%,15%,0%,0%,0%
Jackie Doyle-Price,Thurrock,27%,47%,4%,4%,19%,0%,0%,0%
Shaun Bailey,Tipton and Wednesbury,20%,37%,4%,6%,27%,0%,0%,7%
Ian Liddell-Grainger,Tiverton and Minehead,30%,12%,35%,4%,19%,0%,0%,0%
Tom Tugendhat,Tonbridge,40%,27%,9%,8%,16%,0%,0%,1%
Ethan Kane Foster Brooks,Tooting,12%,61%,8%,10%,8%,0%,0%,1%
Kevin Foster,Torbay,26%,10%,42%,3%,18%,0%,0%,1%
Nathan John Edmunds,Torfaen,10%,45%,7%,5%,21%,9%,0%,3%
Geoffrey Cox,Torridge and Tavistock,30%,17%,24%,5%,23%,0%,0%,1%
Attic Rahman,Tottenham,7%,60%,6%,14%,5%,0%,0%,7%
Cherilyn Mackrory,Truro and Falmouth,25%,48%,8%,6%,13%,0%,0%,0%
Neil Mahapatra,Tunbridge Wells,31%,14%,40%,3%,12%,0%,0%,1%
Jonathan Hulley,Twickenham,13%,8%,63%,4%,8%,0%,0%,3%
Lewis Bartoli,Tynemouth,18%,53%,5%,9%,14%,0%,0%,0%
Steve Tuckwell,Uxbridge and South Ruislip,34%,44%,5%,7%,10%,0%,0%,1%
Alun Cairns,Vale of Glamorgan,26%,44%,4%,7%,14%,5%,0%,0%
Aarti Joshi,Vauxhall and Camberwell Green,3%,60%,9%,19%,6%,0%,0%,2%
Arnie Craven,Wakefield and Rothwell,19%,45%,7%,6%,21%,0%,0%,2%
Robbie Lammas,Wallasey,7%,58%,4%,12%,15%,0%,0%,4%
Shannon Lloyd,Walsall and Bloxwich,22%,42%,5%,7%,23%,0%,0%,1%
Sanjana Madan Mohan Karnani,Walthamstow,4%,72%,3%,14%,6%,0%,0%,1%
Yasmin Al-Atroshi,Warrington North,13%,47%,6%,8%,24%,0%,0%,2%
Andy Carter,Warrington South,20%,49%,8%,5%,18%,0%,0%,1%
James Uffindell,Warwick and Leamington,20%,53%,6%,9%,11%,0%,0%,1%
Shaun Parsons,Washington and Gateshead South,9%,54%,5%,6%,25%,0%,0%,2%
Dean Russell,Watford,21%,48%,12%,5%,14%,0%,0%,0%
Richard Rout,Waveney Valley,31%,21%,5%,21%,23%,0%,0%,0%
Katie Jane Lotte Lam,Weald of Kent,43%,24%,6%,7%,21%,0%,0%,0%
David Goss,Wellingborough and Rushden,26%,40%,5%,5%,24%,0%,0%,0%
Meg Powell-Chandler,Wells and Mendip Hills,26%,8%,47%,2%,13%,0%,0%,2%
Grant Shapps,Welwyn Hatfield,27%,46%,7%,5%,15%,0%,0%,0%
Andrew Campbell Bowie,West Aberdeenshire and Kincardine,32%,13%,6%,1%,11%,0%,36%,1%
Will Goodhand,West Bromwich,22%,43%,4%,8%,22%,0%,0%,0%
Chris Loder,West Dorset,33%,9%,53%,4%,0%,0%,0%,1%
Maurice Corry,West Dunbartonshire,5%,47%,3%,3%,8%,0%,33%,0%
Holly Alice Ramsey,West Ham and Beckton,7%,61%,9%,11%,10%,0%,0%,1%
Mike Prendergast,West Lancashire,12%,56%,5%,7%,20%,0%,0%,0%
Matty Jackman,Westmorland and Lonsdale,20%,6%,57%,2%,14%,0%,0%,1%
John Penrose,Weston-super-Mare,30%,40%,7%,6%,17%,0%,0%,0%
Nick Timothy,West Suffolk,33%,31%,6%,6%,23%,0%,0%,0%
Stephen Gerard Lynch,West Tyrone,,,,,,,,
Harriett Baldwin,West Worcestershire,35%,16%,26%,7%,17%,0%,0%,1%
Alec Shelbrooke,Wetherby and Easingwold,45%,27%,6%,6%,16%,0%,0%,1%
Andrew Paul Johnson,Whitehaven and Workington,21%,49%,4%,6%,20%,0%,0%,0%
Sean Houlston,Widnes and Halewood,8%,70%,3%,7%,10%,0%,0%,1%
Henry James Mitson,Wigan,8%,50%,8%,9%,21%,0%,0%,4%
Danielle Dunfield-Prayero,Wimbledon,23%,13%,52%,4%,7%,0%,0%,1%
Flick Drummond,Winchester,29%,7%,51%,2%,10%,0%,0%,1%
Jack Rankin,Windsor,36%,31%,14%,6%,11%,0%,0%,1%
Jenny Johnson,Wirral West,24%,49%,6%,6%,15%,0%,0%,0%
Priti Patel,Witham,36%,28%,8%,8%,20%,0%,0%,1%
Robert Courts,Witney,31%,16%,38%,2%,13%,0%,0%,1%
Jonathan Lord,Woking,25%,13%,48%,5%,8%,0%,0%,1%
Lucy Demery,Wokingham,31%,10%,46%,3%,10%,0%,0%,0%
Jane Stevenson,Wolverhampton North East,24%,44%,4%,5%,24%,0%,0%,0%
Victoria Helena Wilson,Wolverhampton South East,14%,52%,6%,6%,21%,0%,0%,0%
Mike Newton,Wolverhampton West,28%,46%,5%,5%,15%,0%,0%,0%
Marc Bayliss,Worcester,22%,44%,7%,6%,21%,0%,0%,1%
Bradley Curtis Mitchell,Worsley and Eccles,12%,51%,6%,8%,23%,0%,0%,1%
Peter Bottomley,Worthing West,30%,41%,5%,6%,18%,0%,0%,0%
Sarah Atherton,Wrexham,25%,38%,6%,5%,15%,10%,0%,1%
Steve Baker,Wycombe,22%,42%,9%,7%,13%,0%,0%,5%
Mark Garnier,Wyre Forest,33%,33%,6%,5%,22%,0%,0%,0%
Sarah Beament,Wythenshawe and Sale East,10%,53%,9%,10%,18%,0%,0%,1%
Marcus Fysh,Yeovil,27%,8%,48%,4%,12%,0%,0%,1%
Virginia Crosbie,Ynys Môn,21%,27%,3%,4%,14%,31%,0%,0%
Richard William Hudson,York Central,8%,68%,6%,7%,10%,0%,0%,0%
Julian Sturdy,York Outer,33%,39%,9%,7%,12%,0%,0%,1%
,,0%,55%,11%,7%,27%,0%,0%,1%
No Conservative Candidate,Lagan Valley,,,,,,,,
No Conservative Candidate,Foyle,,,,,,,,
No Conservative Candidate,North Down,,,,,,,,
No Conservative Candidate,Belfast East,,,,,,,,
No Conservative Candidate,Chorley,,,,,,,,
No Conservative Candidate,Fermanagh and South Tyrone,,,,,,,,
No Conservative Candidate,Belfast North,,,,,,,,
No Conservative Candidate,Belfast West,,,,,,,,
No Conservative Candidate,Ynys M\'f4n,,,,,,,,
No Conservative Candidate,South Antrim,,,,,,,,
No Conservative Candidate,North Antrim,,,,,,,,
No Conservative Candidate,Belfast South and Mid Down,,,,,,,,
No Conservative Candidate,Rotherham,,,,,,,,
No Conservative Candidate,East Antrim,,,,,,,,
No Conservative Candidate,Upper Bann,,,,,,,,
No Conservative Candidate,Montgomeryshire and Glynd\uc0\u373 r,,,,,,,,
No Conservative Candidate,Mid Ulster,,,,,,,,
